4.480956709821009554e+02,3.306067693258705337e-02,9.760905243340027937e+02,5.239829793572425842e-02,3.758834436747969012e+05,2.809489602757495041e-03,1.312244396949986112e+05,5.231765564531087875e-03,7.992728074041427710e+00,1.272290681555431213e+01,2.644127529642888330e+00,1.997393321176453540e+01,-7.277877044677734375e+01,9.784995269775390625e+01,-2.614546298980712891e+00,1.077360248565673828e+01,4.522283077239990234e+00,1.691095733642578125e+01,5.812792778015136719e+00,6.284568309783935547e+00,6.677814960479736328e+00,7.028659820556640625e+00,1.165489101409912109e+01,4.726226806640625000e+00,5.383765697479248047e+00
1.552361345527338699e+03,8.176069061501514690e-02,1.684303137611427701e+03,9.139984846115112305e-02,1.426100721373763634e+06,1.334709369747444016e-02,2.319257962538840657e+05,5.703279748558998108e-03,4.113927075202701289e+00,1.250689517420464902e+01,1.984284664326925629e+00,6.452745633169974404e+00,-2.109565925598144531e+01,7.594764709472656250e+01,-2.896633720397949219e+01,1.228588199615478516e+01,-3.332129001617431641e+00,1.924377822875976562e+01,4.154002189636230469e+00,1.311362552642822266e+01,7.996064662933349609e+00,9.574753761291503906e+00,6.064171791076660156e+00,9.443854331970214844e+00,7.082711696624755859e+00
1.565489336072029687e+02,1.767933292314413651e-02,1.129919420920412222e+03,2.976658567786216736e-02,3.415408025651442586e+05,1.766588817196476213e-03,3.656442593886422110e+05,4.584019072353839874e-03,5.374922311995027968e+01,2.375326758236998259e+01,4.720642488255276881e+00,2.616733991147134475e+01,-8.901446533203125000e+01,7.666992187500000000e+01,2.103486633300781250e+01,2.640257263183593750e+01,4.809025287628173828e+00,1.780290412902832031e+01,8.255450248718261719e+00,7.076681613922119141e+00,6.305358886718750000e+00,5.357712745666503906e+00,6.033541679382324219e+00,4.948149681091308594e+00,4.141446113586425781e+00
2.234808474245675370e+03,1.825092309849315475e-01,2.880649148405910182e+03,1.182307153940200806e-01,3.495506525260568131e+06,2.026092793460399638e-02,7.606343613333298126e+05,8.131233975291252136e-03,4.672644601882203652e+00,4.972031135670254010e+00,1.883018145787279440e+00,6.664395691179430870e+00,2.558166503906250000e+01,5.656918334960937500e+01,7.234967708587646484e+00,2.253937149047851562e+01,-2.820036172866821289e+00,1.761989974975585938e+01,6.816861033439636230e-01,3.194500446319580078e+00,5.627767086029052734e+00,4.120220184326171875e+00,5.080563068389892578e+00,4.591972827911376953e+00,1.493438601493835449e+00
1.692391005888275402e+02,2.987595518652739687e-02,6.470226649419092837e+02,1.696416735649108887e-02,1.676085003605995153e+05,4.560986534724718010e-03,2.858960446807978442e+05,2.792508108541369438e-03,2.881147075525269940e+01,2.450920277679512793e+01,6.006376546517281589e+00,3.521342602108488506e+01,-1.364710235595703125e+02,8.748549652099609375e+01,3.139025878906250000e+01,2.436423301696777344e+01,1.333577632904052734e+01,8.858488082885742188e+00,2.350574016571044922e+00,4.018668174743652344e+00,4.387969970703125000e+00,4.782029151916503906e+00,5.076918125152587891e+00,3.058876991271972656e+00,3.397630214691162109e+00
2.403182614069420424e+02,6.646483280129875104e-02,1.012796443583747987e+03,2.893511392176151276e-02,6.512391963645430224e+04,1.060029263176058209e-02,1.713025577997886867e+05,2.417213516309857368e-03,1.328717454194792502e+01,1.296409071223806109e+01,2.813452941015809117e+00,2.627361573373092085e+01,-7.171687316894531250e+01,1.136606445312500000e+02,2.005111885070800781e+01,1.292686176300048828e+01,8.404693603515625000e+00,1.054317665100097656e+01,2.251907348632812500e+00,2.064319133758544922e+00,2.335739135742187500e+00,2.741972208023071289e+00,-7.666487097740173340e-01,2.448992282152175903e-01,3.475688219070434570e+00
1.612280011952880614e+03,6.325674621761510075e-01,1.923001022488876970e+03,2.795043215155601501e-02,1.663499133365902584e+06,2.950326912565432447e-01,3.258500949788442813e+05,4.819836176466196775e-04,2.944014257620452657e+00,2.667704126541096343e+00,1.769873459425401307e+00,7.855423119127343590e+00,-1.083067607879638672e+01,6.337912750244140625e+01,-2.819285774230957031e+01,1.086932373046875000e+01,-9.154845237731933594e+00,1.348656368255615234e+01,3.740480244159698486e-01,1.094338417053222656e+01,8.670009374618530273e-01,5.640502929687500000e+00,6.394279956817626953e+00,1.067290210723876953e+01,1.142742729187011719e+01
3.003698175536428607e+03,6.064355987930947212e-02,2.888310983647669673e+03,9.626128524541854858e-02,9.829366230173813179e+06,1.187005869154839251e-02,7.775307152208960615e+05,1.839527487754821777e-02,3.720755796399002335e+00,1.147583909873741348e+01,1.832195808444967655e+00,1.349128848663824343e+01,-1.007258296012878418e+00,4.349137115478515625e+01,-5.905833244323730469e+00,3.811022186279296875e+01,-1.032396316528320312e+01,2.369895935058593750e+01,-3.168259859085083008e+00,1.389170169830322266e+01,-4.142613410949707031e-01,1.003048801422119141e+01,2.947968006134033203e+00,8.832918167114257812e+00,2.438826560974121094e+00
1.638888628260461701e+03,8.453643617290206302e-01,1.434350118918685666e+03,1.008141040802001953e-01,2.730623682708905108e+04,2.823690029754316599e-01,3.500125005207084178e+04,2.610890660434961319e-03,1.474437197559436141e+00,4.020192844124127696e+00,1.498585947985774602e+00,3.370792488973501033e+00,-5.559254646301269531e+00,9.388700103759765625e+01,-5.424224472045898438e+01,-2.768453407287597656e+01,-4.648035526275634766e+00,3.267222940921783447e-01,1.103518104553222656e+01,2.043464469909667969e+01,1.653510665893554688e+01,1.403885078430175781e+01,7.320974826812744141e+00,8.627277374267578125e+00,1.002783679962158203e+01
1.464407855553117770e+03,6.358488345973568601e-01,1.352761632976936880e+03,9.882221370935440063e-02,9.507086129716041614e+04,1.674676340936269991e-01,3.832363071373709681e+04,3.337103873491287231e-03,1.473315127608644026e+00,4.292675623092015336e+00,1.507218726434933043e+00,3.392218140151464389e+00,-9.854497909545898438e+00,1.049725036621093750e+02,-3.685246658325195312e+01,-1.704412841796875000e+01,-1.035360693931579590e+00,6.823577404022216797e+00,1.421948623657226562e+01,1.497507762908935547e+01,1.186633491516113281e+01,1.468904399871826172e+01,5.724136829376220703e+00,6.253269195556640625e+00,1.049060153961181641e+01
4.435512158126747977e+02,1.514381121579240763e-01,1.396880673323310702e+03,6.707132607698440552e-02,2.462981195958261742e+04,1.915075435854836014e-02,8.010572633390142983e+03,8.444127743132412434e-04,2.237544883303411059e+00,6.302361778297089323e+00,1.394455153865465258e+00,2.922906844256617731e+00,-1.769429588317871094e+01,1.002071456909179688e+02,2.172596931457519531e+01,1.510759067535400391e+01,-6.420014053583145142e-02,-4.080419540405273438e+00,6.846890449523925781e+00,1.046105003356933594e+01,2.454174280166625977e+00,2.879627943038940430e+00,-5.353062629699707031e+00,-3.583130121231079102e+00,8.332866668701171875e+00
7.322794520547946604e+02,1.269458420592165793e-01,1.462086881404481346e+03,7.209394872188568115e-02,1.330991854081441415e+05,1.003554650775843188e-02,3.188422307306165385e+04,1.031327876262366772e-03,2.415987608593170854e+00,5.081548253878015231e+00,1.325259089668537449e+00,3.095302474523799585e+00,-4.961081504821777344e+00,9.874884796142578125e+01,-3.350613713264465332e-01,1.422154045104980469e+01,5.836606979370117188e+00,7.573919773101806641e+00,4.755067229270935059e-01,5.281237125396728516e+00,-7.976785898208618164e-01,-1.935172557830810547e+00,-2.309329032897949219e+00,3.048602104187011719e+00,8.595307350158691406e+00
4.071554469835184022e+02,1.600411008027990689e-01,1.031663272115021073e+03,4.594619572162628174e-02,9.418733721083412820e+04,4.232570117706638269e-02,4.218508927874492656e+04,2.565473550930619240e-03,3.073444976076554980e+00,7.606280798839394564e+00,1.823863195614606081e+00,1.264167280437776952e+01,-5.271035385131835938e+01,1.103026428222656250e+02,1.556532859802246094e+01,1.190421104431152344e+01,-3.378324508666992188e+00,9.774801135063171387e-01,1.913986325263977051e+00,7.381931781768798828e+00,6.914720535278320312e+00,4.450389862060546875e+00,8.501904487609863281e+00,2.389142990112304688e+00,6.440131664276123047e+00
5.094178082191780845e+02,3.206978486727624089e-01,1.095804688398431836e+03,4.078741371631622314e-02,4.812992587727530190e+04,6.742821758289495315e-02,7.562197432036853570e+04,1.298410701565444469e-03,2.456470588235294183e+00,5.713400748816085617e+00,1.768591639788008596e+00,7.806095067326173087e+00,-5.444077301025390625e+01,1.137527847290039062e+02,2.481395721435546875e+01,-3.835461378097534180e+00,-1.021107101440429688e+01,1.819096088409423828e+00,-1.151239991188049316e+00,2.163733005523681641e+00,1.610761880874633789e+00,1.241017460823059082e+00,6.600130081176757812e+00,3.575216770172119141e+00,9.884487152099609375e+00
5.659798939460893052e+02,1.632393404023897709e-01,1.271624924977576029e+03,6.169358640909194946e-02,7.900818650365766371e+04,4.193604011618827510e-02,2.141085764445410678e+04,1.320726005360484123e-03,2.210979358805445827e+00,9.236871724663085814e+00,1.722518885829610102e+00,3.112570411985064123e+00,-2.665197944641113281e+01,1.105715942382812500e+02,9.713946342468261719e+00,-8.045566678047180176e-01,7.626694202423095703e+00,1.610737442970275879e+00,-1.311694383621215820e-01,-4.159189701080322266e+00,9.050804138183593750e+00,5.517269134521484375e+00,4.583280563354492188e+00,-6.623757630586624146e-02,3.159790515899658203e+00
8.120037822203860287e+02,2.207213170099178723e-01,1.254546295043319333e+03,7.528404146432876587e-02,1.164200866828764119e+05,2.454460162448418234e-02,1.696252370963419526e+04,1.119873486459255219e-03,1.753652672461623707e+00,3.697883207465078037e+00,1.354718931957590522e+00,2.850159627641397186e+00,-1.498493766784667969e+01,1.163083114624023438e+02,1.171939730644226074e+00,-4.464711189270019531e+00,6.102013587951660156e+00,2.680299282073974609e+00,2.081720590591430664e+00,1.305767416954040527e+00,8.240607261657714844e+00,1.232440233230590820e+00,-3.563785552978515625e-01,1.422575712203979492e+00,9.385292053222656250e+00
1.008013776729510710e+03,3.995365643937392464e-01,1.508816606041594014e+03,5.725560337305068970e-02,1.842579190785583050e+05,1.617801797852389534e-01,5.144716493896744942e+04,9.732135804370045662e-04,2.910919119441596870e+00,6.949339277507126766e+00,2.192638289032430965e+00,4.490420662205257152e+00,-2.429412651062011719e+01,8.519738769531250000e+01,-1.768943214416503906e+01,-1.736161041259765625e+01,-4.152832984924316406e+00,1.134174633026123047e+01,-1.000152778625488281e+01,2.045884132385253906e+00,2.841840934753417969e+01,1.025728321075439453e+01,-5.205719470977783203e+00,4.092788219451904297e+00,1.473182296752929688e+01
5.586955842614142966e+02,2.954711075292884015e-01,1.335069470880780727e+03,4.848270490765571594e-02,2.425371646710143614e+04,3.713756897901276249e-02,3.742822552290617750e+04,6.913887336850166321e-04,2.162571554381329531e+00,3.618943577635679976e+00,1.551057648373461495e+00,4.080703665617911646e+00,-3.067619132995605469e+01,1.116904067993164062e+02,1.979273033142089844e+01,1.879692316055297852e+00,1.064147377014160156e+01,-2.140273898839950562e-02,-2.395633697509765625e+00,-9.504270553588867188e+00,2.948498010635375977e+00,2.012041807174682617e+00,8.738129615783691406e+00,6.953270912170410156e+00,8.890208244323730469e+00
9.545544414630702477e+02,7.605043030824454320e-02,1.418923182767199251e+03,6.873861700296401978e-02,2.680477435673286673e+06,1.725634297777570159e-02,4.834877139878260205e+05,9.434115141630172729e-03,7.504038939519469764e+00,1.377494104090873428e+01,2.845171838058760727e+00,1.351287982439948365e+01,-6.042308044433593750e+01,6.742987823486328125e+01,-1.054121589660644531e+01,1.356325817108154297e+01,1.995902252197265625e+01,1.785998153686523438e+01,1.803764724731445312e+01,1.132426548004150391e+01,-3.063990354537963867e+00,5.110170364379882812e+00,8.900349617004394531e+00,8.838219642639160156e+00,1.054539394378662109e+01
2.893590149655554796e+03,1.338033395186441488e-01,2.547561221478587868e+03,1.147283688187599182e-01,2.188823120140823070e+06,1.410545002192297413e-02,3.807326227871216252e+05,5.847193766385316849e-03,3.504439272476510769e+00,6.298186741505430675e+00,2.023423929794018417e+00,4.206474609576038581e+00,2.807695579528808594e+01,5.654420089721679688e+01,-1.895753669738769531e+01,1.784740829467773438e+01,1.294389915466308594e+01,1.401007938385009766e+01,4.901348590850830078e+00,3.113793849945068359e+00,-3.330951452255249023e+00,6.263112545013427734e+00,7.158283233642578125e+00,9.015854835510253906e+00,6.810230731964111328e+00
2.044841609589040843e+02,1.238608418838236247e-01,1.584692653574278665e+03,8.102328330278396606e-02,7.499637843565279809e+02,2.919498377076890951e-03,1.091596932823645475e+05,3.728704759851098061e-03,1.055110692416391993e+00,2.302752765386374190e+00,1.502438048694509698e+00,3.448064743675745891e+00,-6.218520736694335938e+01,7.450937652587890625e+01,4.713016891479492188e+01,3.498683929443359375e+01,2.465315055847167969e+01,2.034000778198242188e+01,9.891099929809570312e+00,8.698399543762207031e+00,1.193564653396606445e+00,1.887611031532287598e+00,-3.484312534332275391e+00,-3.702564239501953125e-01,-3.029658794403076172e+00
2.199436358447488601e+03,2.710218618986794947e-01,2.104049916826929802e+03,1.098208799958229065e-01,6.764299626207931899e+06,3.209835102809246304e-02,8.794703667330911849e+05,4.043411463499069214e-03,4.119984559140761782e+00,4.153640657152022797e+00,2.041756822891301670e+00,3.525191369906015115e+00,1.825298500061035156e+01,7.707127380371093750e+01,-6.242225170135498047e+00,2.970343017578125000e+01,8.004546165466308594e+00,1.851140975952148438e+01,-3.267248392105102539e+00,-2.264687776565551758e+00,-3.137019634246826172e+00,5.551658153533935547e+00,-2.509658336639404297e-01,4.014501571655273438e+00,3.389649629592895508e+00
7.113355369799446635e+02,4.014830009513105091e-01,1.290216658854570142e+03,5.228749662637710571e-02,1.955756878132285492e+05,2.059216732915095105e-01,4.886561069965067873e+04,1.451193005777895451e-03,1.880506685432793867e+00,6.251871913528320945e+00,1.467512722112280121e+00,5.029517481631637033e+00,-3.664041137695312500e+01,8.160584259033203125e+01,-2.062488174438476562e+01,-1.229380846023559570e+00,-9.680481910705566406e+00,-2.231564044952392578e+00,-7.517163276672363281e+00,2.600683689117431641e+00,1.572174072265625000e+01,1.275312805175781250e+01,1.039096638560295105e-01,1.412603473663330078e+01,2.033074951171875000e+01
1.048556666824666991e+03,3.142356526044118858e-01,1.665648800045513099e+03,9.156734496355056763e-02,8.677227313813443470e+04,5.094880088891364650e-02,3.984327453030109609e+04,1.735155121423304081e-03,2.222232770077843700e+00,5.173375016393815251e+00,1.547522533595302674e+00,3.698392533548316319e+00,1.315494632720947266e+01,8.614743041992187500e+01,-7.892298698425292969e+00,5.235404491424560547e+00,-2.648438692092895508e+00,1.052714467048645020e+00,-8.435906410217285156e+00,1.749696493148803711e+00,7.946211814880371094e+00,8.542799949645996094e+00,-5.722535029053688049e-02,7.872960090637207031e+00,1.005091381072998047e+01
8.809030486472994426e+02,4.239631245509583590e-01,1.101881974629662636e+03,8.220051974058151245e-02,8.318072732274078589e+04,6.544114497581875189e-02,6.289778163373318966e+04,1.806777552701532841e-03,2.988060700736442588e+00,4.329915244932385221e+00,1.720976142004253084e+00,4.990996003087892596e+00,-2.469194984436035156e+01,1.265882339477539062e+02,1.192876815795898438e+00,-5.346984386444091797e+00,8.107492923736572266e-01,-3.612093448638916016e+00,2.119529247283935547e+00,7.055615901947021484e+00,5.409775733947753906e+00,4.966030597686767578e+00,4.981716632843017578e+00,5.989145278930664062e+00,7.336380958557128906e+00
8.081661309951010708e+02,4.405682099191467471e-01,1.091496820010286456e+03,7.712918519973754883e-02,3.781537301884796761e+04,1.005279036404361365e-01,6.840406287847214844e+04,1.704374095425009727e-03,1.868766723424957199e+00,4.438636072013138367e+00,1.802331178249392485e+00,3.475947305011618749e+00,-3.271126556396484375e+01,1.281333618164062500e+02,8.567442893981933594e+00,-7.835209846496582031e+00,-1.104914069175720215e+00,-1.977951407432556152e+00,2.608000278472900391e+00,6.042709827423095703e+00,4.625903606414794922e+00,2.920596122741699219e+00,3.383822917938232422e+00,6.380382061004638672e+00,7.119208335876464844e+00
5.189489844119036661e+02,1.227563426233536786e-01,1.163451069685165976e+03,8.876053243875503540e-02,2.531094750773648411e+04,4.995460407519056872e-03,3.801506882136920467e+04,2.711726352572441101e-03,2.161903851667781762e+00,3.523262647174853157e+00,1.663884626281953105e+00,3.675133131322746216e+00,-3.069660568237304688e+01,1.134412612915039062e+02,1.444345378875732422e+01,6.903691291809082031e+00,-2.474591970443725586e+00,8.199349403381347656e+00,-2.284895181655883789e+00,5.084296226501464844e+00,-2.034993767738342285e-01,5.629384517669677734e+00,1.329883456230163574e+00,5.063004016876220703e+00,3.631610393524169922e+00
5.870987409929526848e+02,2.230877003235674783e-01,1.395402862884621072e+03,5.001663044095039368e-02,3.197497522493985598e+05,7.142593742026119574e-02,4.534539915298993583e+04,3.412137506529688835e-03,4.262894043674059219e+00,5.809917367345379446e+00,1.458242845953703126e+00,9.673173503491707237e+00,-3.774222183227539062e+01,8.917469024658203125e+01,1.265163707733154297e+01,6.844894886016845703e+00,5.421243667602539062e+00,8.489501953125000000e+00,-7.460072040557861328e+00,1.668482184410095215e+00,-3.385336697101593018e-01,8.026140213012695312e+00,5.216230869293212891e+00,1.305332851409912109e+01,1.095874500274658203e+01
8.325630448318804611e+02,1.710762028188305695e-01,1.510831147893482239e+03,1.078231260180473328e-01,3.268809677985797753e+05,1.839074180746879186e-02,1.218975278272378782e+05,4.627314396202564240e-03,3.576182342894163479e+00,4.696459175166567412e+00,1.694294992814636691e+00,4.173823874403796097e+00,-2.568660736083984375e+00,9.794422912597656250e+01,-2.982822656631469727e+00,2.085313415527343750e+01,9.505282044410705566e-01,9.510575294494628906e+00,3.134001970291137695e+00,7.060813426971435547e+00,1.836026310920715332e+00,5.142867565155029297e+00,2.323547840118408203e+00,4.496272563934326172e+00,1.526090502738952637e+00
1.025757671075602047e+03,1.097168049172774773e-01,1.514527570086998594e+03,6.093136966228485107e-02,1.505407928632664960e+06,1.104904566515300945e-02,4.105770462701648357e+05,9.746360592544078827e-03,7.403815503501570028e+00,6.775645241970360111e+00,2.454080757076514629e+00,1.565854731006215417e+01,-2.452765083312988281e+01,9.684445953369140625e+01,-1.384089088439941406e+01,2.775657653808593750e+01,-4.081198692321777344e+00,1.481288528442382812e+01,6.791685104370117188e+00,-1.081977725028991699e+00,2.240845203399658203e+00,-5.853267669677734375e+00,-1.251666188240051270e+00,4.982704639434814453e+00,5.748530864715576172e+00
3.219777693510925474e+03,1.620611726115529228e-01,2.865306362517942034e+03,1.500198096036911011e-01,5.260561648243780248e+06,2.432960628001496275e-02,5.481845926358520519e+05,1.009186077862977982e-02,3.591671432767069128e+00,6.169086509934290419e+00,1.851643160874384852e+00,4.344318376297806594e+00,4.184688949584960938e+01,5.942287063598632812e+01,-7.800009250640869141e+00,2.568267631530761719e+01,-8.763014793395996094e+00,1.883425903320312500e+01,-2.495158672332763672e+00,1.026034641265869141e+01,-1.511890292167663574e+00,5.531994342803955078e+00,-2.670078516006469727e+00,7.792997837066650391e+00,2.148750305175781250e+00
1.840561929885897598e+03,5.880474838441960422e-02,2.611985349726349796e+03,8.631709218025207520e-02,4.827433527117877267e+06,3.640872459693278961e-03,5.345231925877636531e+05,5.780490115284919739e-03,5.743853350739774655e+00,1.053576829051987929e+01,1.946828955123877103e+00,6.915741728903667784e+00,7.726240634918212891e+00,6.316419982910156250e+01,2.564054429531097412e-01,3.566344070434570312e+01,-8.652409553527832031e+00,2.785989189147949219e+01,-1.014422607421875000e+01,1.509182453155517578e+01,-1.532676339149475098e+00,7.838719844818115234e+00,-8.949497342109680176e-01,3.914421558380126953e+00,2.182125568389892578e+00
2.404738170447149969e+03,1.603811404134898588e-01,2.779545345322804224e+03,1.469694226980209351e-01,2.993325415449489374e+06,2.007228313734996800e-02,2.370068097012541548e+05,1.910733617842197418e-02,3.750301492909718704e+00,5.851777930780125203e+00,1.536947500753459872e+00,6.885201802178678498e+00,3.625562286376953125e+01,6.687920379638671875e+01,-5.706103324890136719e+00,3.183396148681640625e+01,-1.009636592864990234e+01,2.373770713806152344e+01,-7.385381698608398438e+00,1.304898643493652344e+01,-8.240796089172363281e+00,9.295219421386718750e+00,-4.233975410461425781e+00,4.037666797637939453e+00,3.879596471786499023e+00
1.769875668322313516e+02,1.036648343403068911e-01,8.619091071143481031e+02,3.947724774479866028e-02,5.769360282610027934e+04,6.107276487067023890e-02,1.838427054568542226e+05,3.664155490696430206e-03,1.511599099099098886e+01,1.726916975270331989e+01,4.388050292249511486e+00,2.100288296044962522e+01,-1.011942825317382812e+02,1.091130523681640625e+02,4.671090316772460938e+01,2.109604835510253906e+01,1.101640796661376953e+01,7.457705497741699219e+00,3.969704627990722656e+00,3.460910320281982422e+00,3.504222631454467773e+00,3.715427637100219727e+00,2.540747880935668945e+00,1.523513078689575195e+00,2.979461908340454102e+00
2.903403474085581024e+02,6.184614875169994197e-02,1.164629627758292600e+03,4.144021123647689819e-02,5.370028755761228967e+05,1.332616802192209716e-02,4.390410024195349542e+05,3.097340464591979980e-03,3.121041879468845792e+01,1.239438365700224765e+01,4.482254606406383957e+00,1.025066796883357512e+01,-6.866231536865234375e+01,9.506523895263671875e+01,2.219322776794433594e+01,1.351058483123779297e+01,5.717138290405273438e+00,6.620881557464599609e+00,5.558628559112548828e+00,1.002590847015380859e+01,8.888594627380371094e+00,6.412846088409423828e+00,2.279059886932373047e+00,2.814255714416503906e+00,2.468615531921386719e+00
1.098890760575914555e+03,1.085299109172937898e-01,2.397737472613083810e+03,8.851180225610733032e-02,8.628978445613740478e+05,1.131900613095081741e-02,5.195301806512032053e+05,4.364018328487873077e-03,7.225218658892128332e+00,6.212619191833001153e+00,2.074965064011438542e+00,5.046985682398595685e+00,1.242074012756347656e+01,6.930873107910156250e+01,8.976941108703613281e+00,1.046634960174560547e+01,4.531401634216308594e+00,1.164868640899658203e+01,4.460193634033203125e+00,9.500829696655273438e+00,3.979564666748046875e+00,6.471926689147949219e+00,-1.370398521423339844e+00,4.686073780059814453e+00,3.935837984085083008e+00
6.359302058620954057e+01,1.353107395493235478e-02,4.729870971800306734e+02,4.295478761196136475e-02,4.591777635907934382e+03,9.765622735125529304e-04,5.239739622547510226e+04,1.247171661816537380e-03,1.153525398028809690e+01,3.438500203345562767e+01,5.879343463033176675e+00,1.187555604276208676e+01,-1.570785369873046875e+02,9.505287170410156250e+01,5.988236999511718750e+01,3.857288742065429688e+01,2.496700286865234375e+01,1.415614128112792969e+01,5.416314601898193359e+00,2.310592889785766602e+00,3.715132713317871094e+00,5.296248912811279297e+00,5.239698410034179688e+00,4.048224449157714844e+00,3.379967451095581055e+00
1.337912298155659414e+02,3.379422065739191156e-02,8.797469998704940508e+02,3.493579849600791931e-02,2.786720675703030429e+04,3.491799449834307248e-03,2.267896087665913510e+05,2.715639770030975342e-03,8.708108108108108425e+00,1.714550802635122650e+01,3.539388273101026439e+00,1.761144686712219354e+01,-9.229689025878906250e+01,1.021474685668945312e+02,3.179259681701660156e+01,1.850019264221191406e+01,8.946150779724121094e+00,6.703588008880615234e+00,4.275908470153808594e+00,4.419772624969482422e+00,3.203268766403198242e+00,8.072467803955078125e+00,7.722550868988037109e+00,5.229953765869140625e+00,4.336371898651123047e+00
8.305639872292910013e+02,7.540703648978632767e-01,1.346408446936871087e+03,1.010894849896430969e-01,1.290527140138714167e+05,2.898330804388560278e-01,9.340431968095480988e+04,3.715056693181395531e-03,1.818371607515657518e+00,3.339297666928020547e+00,1.609828498954097409e+00,3.908553072777633197e+00,-1.276130557060241699e+00,1.168917694091796875e+02,1.130797958374023438e+01,-2.166874647140502930e+00,3.247573375701904297e+00,6.307502746582031250e+00,1.239300727844238281e+00,-2.102989435195922852e+00,4.481883943080902100e-01,1.368083238601684570e+00,5.557740926742553711e-01,9.431174993515014648e-01,-1.145672649145126343e-01
4.500571437641867760e+02,9.377288486264201417e-02,1.352811908943539038e+03,8.024355024099349976e-02,7.011560087442545046e+04,8.061883358613467637e-03,2.793075671191597576e+04,1.792651251889765263e-03,3.259860015553827317e+00,5.879701934150980414e+00,1.517261422782910874e+00,3.424755575780259242e+00,-1.862300300598144531e+01,1.029252700805664062e+02,5.659534931182861328e+00,5.817991733551025391e+00,1.137249946594238281e+01,9.832486152648925781e+00,2.964512586593627930e+00,8.005719184875488281e+00,4.992077827453613281e+00,2.587188959121704102e+00,2.864207506179809570e+00,4.921547889709472656e+00,3.059488773345947266e+00
1.711127160748583719e+03,2.050702127170730138e-01,1.963552499811409689e+03,1.091493889689445496e-01,1.413921486040141317e+05,2.261496618043750198e-02,2.376567992609610519e+04,2.523913513869047165e-03,1.563497165566009706e+00,4.764991952442338530e+00,1.232282348342295553e+00,3.153567530658986762e+00,3.435222244262695312e+01,8.347530364990234375e+01,-1.709860610961914062e+01,1.325309562683105469e+01,5.999649047851562500e+00,9.745432853698730469e+00,-2.937639951705932617e+00,5.703958988189697266e+00,-1.742282509803771973e-01,2.480540037155151367e+00,4.042741656303405762e-01,4.406473159790039062e+00,3.901712894439697266e+00
1.644431554524361900e+03,7.291863865818140611e-02,2.013956340613837028e+03,8.995310962200164795e-02,3.657454078180000186e+06,4.820613414316633587e-03,7.639657083286213456e+05,9.955069981515407562e-03,4.933211567732116443e+00,6.798901246100173879e+00,2.152580272921047477e+00,9.436851658311868007e+00,-9.286733865737915039e-01,7.710412597656250000e+01,-5.914211273193359375e+00,1.955768585205078125e+01,1.198850822448730469e+01,1.443448162078857422e+01,4.122417926788330078e+00,7.935722351074218750e+00,1.028926149010658264e-01,1.698445916175842285e+00,2.640475511550903320e+00,6.272466659545898438e+00,1.393531799316406250e+00
1.853627276483488686e+03,5.762951836632331654e-02,2.260277659008063893e+03,1.095819994807243347e-01,2.887353307562484872e+06,4.456023501690953466e-03,6.088195562721353490e+05,1.356510445475578308e-02,4.585973156174889986e+00,1.020433763869681343e+01,2.217990393844896158e+00,8.184597514510452143e+00,9.125067710876464844e+00,6.710028076171875000e+01,-9.135725975036621094e+00,2.719954490661621094e+01,9.118740081787109375e+00,1.585082817077636719e+01,4.433154582977294922e+00,7.272861003875732422e+00,1.641447782516479492e+00,3.279379844665527344e+00,1.806295037269592285e+00,5.754951000213623047e+00,3.416620492935180664e+00
5.085974001207768538e+02,1.195688054489176672e-01,2.722111174023491913e+03,6.047147512435913086e-02,7.092912729579360457e+05,1.564771062754156949e-02,1.328759991426755441e+05,1.711156102828681469e-03,1.612007874015747788e+01,7.068927366763293030e+00,1.626161765856053432e+00,5.979845112528497708e+00,-3.042152976989746094e+01,5.707325363159179688e+01,6.332615661621093750e+01,2.517085456848144531e+01,7.921700000762939453e+00,2.260007150471210480e-02,-7.045939564704895020e-01,2.370099872350692749e-01,8.061162829399108887e-01,2.718478441238403320e+00,3.083290100097656250e+00,2.815130233764648438e+00,2.673990726470947266e+00
5.487587104557215980e+02,5.423645704158558400e-02,1.595765069286543394e+03,6.552160531282424927e-02,4.653595032003134256e+05,1.355730188030969353e-03,5.448210467988739401e+04,2.093438524752855301e-03,6.683826879271069998e+00,5.627247278408764153e+00,1.789478665132509638e+00,5.765052516095622970e+00,-1.757808113098144531e+01,8.735778045654296875e+01,1.378920078277587891e+01,1.489492034912109375e+01,5.661702156066894531e+00,2.438361406326293945e+00,5.968271732330322266e+00,3.029131174087524414e+00,5.144185543060302734e+00,4.025011062622070312e+00,2.666875839233398438e+00,1.418488174676895142e-01,9.847698807716369629e-01
9.127220862600514693e+02,1.194578595709682722e-01,1.651028412367523515e+03,7.060024887323379517e-02,6.590012832796100993e+05,3.643275432403118852e-02,1.364574364932849421e+05,4.022206179797649384e-03,7.091537322437339697e+00,1.259753957621563103e+01,2.101304775754375687e+00,8.593971699502047201e+00,-4.220217227935791016e+00,8.890402221679687500e+01,-1.209898376464843750e+01,2.345472526550292969e+01,1.032407283782958984e+00,1.768435478210449219e+01,-6.545907855033874512e-01,1.010513019561767578e+01,6.251127243041992188e+00,4.889760494232177734e+00,5.167323112487792969e+00,1.042281913757324219e+01,7.715717315673828125e+00
1.387730032101198503e+03,6.629627379889288519e-02,1.896982157136534624e+03,6.263046711683273315e-02,3.581679111693781801e+06,1.193892706237611664e-02,5.814983137812874047e+05,8.134073577821254730e-03,5.970132025106413387e+00,1.572516004724831085e+01,2.200749994943726584e+00,1.487164861691822360e+01,-6.745935916900634766e+00,7.323518371582031250e+01,-1.928293800354003906e+01,3.002279090881347656e+01,-1.903493762016296387e+00,2.051449584960937500e+01,3.948620706796646118e-02,1.189042091369628906e+01,1.622348189353942871e+00,4.743610382080078125e+00,4.408268451690673828e+00,1.182403850555419922e+01,4.318824768066406250e+00
9.264882560467854091e+02,9.228547693178636158e-02,1.473302531336378252e+03,7.744324207305908203e-02,3.406967869983287528e+05,2.977445305397763073e-03,3.207639790310779063e+04,1.735990168526768684e-03,2.887616165982277217e+00,2.949215801107107016e+00,1.389360462317427158e+00,4.582289679992488374e+00,4.024360775947570801e-01,9.888228607177734375e+01,-2.355826377868652344e+01,2.438577842712402344e+01,1.209544849395751953e+01,8.024653434753417969e+00,8.555038571357727051e-01,6.989510059356689453e+00,-2.197011470794677734e+00,6.964411735534667969e+00,3.794823408126831055e+00,6.571976661682128906e+00,3.852062940597534180e+00
2.757238661284683872e+02,3.192333714077656703e-02,1.254708530382473327e+03,5.718075484037399292e-02,4.350606469842222577e+04,9.768114636629660497e-04,3.609032662455771060e+04,1.778616802766919136e-03,5.946986201888162960e+00,8.471921627434991109e+00,1.851837848537685405e+00,6.133541359623102984e+00,-3.210668945312500000e+01,9.835007476806640625e+01,-5.995365142822265625e+00,2.448173332214355469e+01,1.446781921386718750e+01,7.691724777221679688e+00,2.718257188796997070e+00,1.211911010742187500e+01,2.029255330562591553e-01,5.546394824981689453e+00,3.592763423919677734e+00,5.486997604370117188e+00,1.906777620315551758e+00
9.878603438960049061e+02,2.169940349893787479e-01,1.519490787603363970e+03,1.037414446473121643e-01,2.203622423466872133e+05,3.511001892411273750e-02,4.569639677092746570e+04,3.140851389616727829e-03,3.232390797608188926e+00,7.895810470728974906e+00,1.474594832797619715e+00,3.602875651369105814e+00,-1.152109265327453613e+00,9.899971008300781250e+01,-3.891551971435546875e+00,8.505387306213378906e+00,-9.026592254638671875e+00,9.600291252136230469e+00,-3.057181648910045624e-02,1.509341144561767578e+01,3.789327383041381836e+00,1.003200721740722656e+01,1.453121066093444824e+00,5.716794967651367188e+00,-4.259190857410430908e-01
1.475783459937069210e+03,1.905497881039859009e-01,1.968195056753940207e+03,1.469552516937255859e-01,7.984019017676411895e+05,1.454543357209719251e-02,1.199931512302234623e+05,4.148878157138824463e-03,3.625657202944268409e+00,5.302913037484734637e+00,1.629709674430323441e+00,3.111369904684648358e+00,2.376124382019042969e+01,8.647077941894531250e+01,-1.093750190734863281e+01,2.901324844360351562e+01,-6.074444770812988281e+00,1.043866920471191406e+01,-7.958297729492187500e+00,7.131575584411621094e+00,-7.727507948875427246e-01,5.376817226409912109e+00,-1.177740097045898438e+00,4.901469707489013672e+00,6.744950771331787109e+00
1.217009132420091419e+03,1.785663933361837097e-01,1.570250147449139831e+03,9.991530328989028931e-02,3.247652552334188949e+05,1.328742101594729101e-02,1.010644582119476399e+05,1.479724887758493423e-03,3.297439264609323573e+00,5.774733709112356728e+00,1.848624375888362481e+00,2.916939794137462627e+00,8.670331954956054688e+00,1.047876892089843750e+02,-1.336695003509521484e+01,1.460792064666748047e+01,6.080374121665954590e-01,1.486496353149414062e+01,-6.187096595764160156e+00,7.343795299530029297e+00,6.590353488922119141e+00,1.579288959503173828e+00,-8.141679167747497559e-01,9.558539390563964844e-01,6.951742649078369141e+00
1.391284206846136840e+03,2.229147706963199860e-01,1.722784924990399531e+03,9.208382666110992432e-02,5.562925509800526779e+05,3.479194203136615204e-02,1.534742244749016536e+05,1.765691675245761871e-03,4.466160544021875900e+00,6.194631477531317820e+00,2.157528668269710792e+00,3.759815821016140092e+00,9.995478630065917969e+00,9.394749450683593750e+01,-1.974477577209472656e+01,9.704144477844238281e+00,-3.205407857894897461e+00,1.007378673553466797e+01,-1.353913593292236328e+01,5.606262683868408203e+00,-9.289104491472244263e-02,2.438736200332641602e+00,2.744125604629516602e+00,4.482771873474121094e+00,4.737740516662597656e+00
4.461240186886183778e+02,9.422652119100247137e-02,1.217674953223027387e+03,5.872054398059844971e-02,4.484591042393229436e+05,2.110420369152656711e-02,1.494744453589035547e+05,6.719723809510469437e-03,1.005924596050269315e+01,1.031011006143861408e+01,2.131822644545409151e+00,1.401753966141282071e+01,-4.433379745483398438e+01,9.671942138671875000e+01,5.713047504425048828e+00,3.065712165832519531e+01,3.564565896987915039e+00,2.551538944244384766e+00,-1.785726666450500488e+00,2.892572164535522461e+00,5.367500185966491699e-01,1.282449722290039062e+01,1.653389692306518555e+00,8.431699752807617188e+00,6.999734878540039062e+00
7.915453767123289026e+02,1.274842974310667343e-01,1.588077091611142123e+03,1.018530204892158508e-01,4.230726217798543512e+05,1.347520713830749860e-02,6.679724394664440479e+04,4.982153419405221939e-03,5.287904599659284166e+00,7.387258899351170527e+00,1.602945635195626606e+00,7.549564349637734040e+00,-5.243234157562255859e+00,9.681324768066406250e+01,-4.523225784301757812e+00,3.285203170776367188e+01,3.234885931015014648e+00,2.739617824554443359e+00,-4.994554996490478516e+00,1.599733710289001465e+00,-4.226457774639129639e-01,1.176963329315185547e+01,-2.005089521408081055e+00,7.264739990234375000e+00,6.025403022766113281e+00
6.628786193306424366e+02,1.156166072897653330e-01,1.260881165250891399e+03,8.993031084537506104e-02,7.175996596095901914e+05,1.888120077832904434e-02,1.550918910691203200e+05,4.862654022872447968e-03,8.202084277299499959e+00,6.919893106417437600e+00,2.377111013264793016e+00,5.846474991967849810e+00,-3.222960281372070312e+01,1.063377380371093750e+02,4.127256870269775391e+00,1.761622047424316406e+01,1.514272308349609375e+01,2.008544731140136719e+01,2.246067762374877930e+00,1.732529878616333008e+00,1.151767969131469727e+00,3.490679025650024414e+00,1.926059961318969727e+00,-4.918948709964752197e-01,1.632994651794433594e+00
9.851656375498024545e+02,1.411509897960568083e-01,1.411125461415788550e+03,9.801840037107467651e-02,9.997639482861477882e+05,1.850444451184120320e-02,1.815352694682784786e+05,5.588761530816555023e-03,4.730447140029437669e+00,6.267707523091644362e+00,2.141129117885958610e+00,5.025981910497774763e+00,-1.535569858551025391e+01,1.060527801513671875e+02,-1.783448576927185059e+00,1.664970016479492188e+01,1.438039588928222656e+01,1.997505569458007812e+01,4.465720355510711670e-01,1.134266927838325500e-01,2.839297771453857422e+00,4.082088947296142578e+00,3.230698406696319580e-01,-1.153247356414794922e+00,2.275440692901611328e+00
2.632541786377561834e+02,1.019193552462799718e-01,1.074888783012816248e+03,3.685920313000679016e-02,3.334355851726622495e+04,3.705573668374001484e-02,1.041767029820530006e+05,9.496803395450115204e-04,7.212155745489078562e+00,1.755707756440630618e+01,2.982072149859704258e+00,5.561437742493999359e+00,-5.807659530639648438e+01,1.092892608642578125e+02,2.404392433166503906e+01,1.727546501159667969e+01,1.620079040527343750e+00,8.014141082763671875e+00,-3.365216732025146484e+00,4.586814403533935547e+00,5.789120674133300781e+00,4.029032707214355469e+00,-4.188632667064666748e-01,2.751806974411010742e+00,3.023689031600952148e+00
2.995547548373784252e+02,1.605324698122000127e-01,1.114633347827904572e+03,4.073718190193176270e-02,4.397794111403438001e+04,5.719406252569561588e-02,1.411586951592425175e+05,1.289340201765298843e-03,3.025037556334501776e+00,1.091922104451316855e+01,2.794911561048214033e+00,6.586296274890940161e+00,-5.693226623535156250e+01,1.070799560546875000e+02,2.212975692749023438e+01,1.810925674438476562e+01,8.097124695777893066e-01,6.339355468750000000e+00,-2.478906869888305664e+00,-7.636506557464599609e-01,1.504735708236694336e+00,5.432161331176757812e+00,-1.759889274835586548e-01,4.229226112365722656e+00,5.572127342224121094e+00
1.313566367501181048e+03,4.699373276673418642e-01,1.189591686050750241e+03,1.088273227214813232e-01,4.393089005283499719e+05,9.937682704412260926e-02,7.786964031224082282e+04,1.024525612592697144e-02,2.398051653828726426e+00,3.801004598362628162e+00,1.696851219526774868e+00,9.803951595434268640e+00,-3.476004123687744141e+00,1.373630676269531250e+02,-1.316588973999023438e+01,-4.316765308380126953e+00,2.049400138854980469e+01,7.644439697265625000e+00,-2.713178634643554688e+00,-4.086565077304840088e-01,2.979730606079101562e+00,1.293661743402481079e-01,2.271589994430541992e+00,4.550215303897857666e-01,-2.953860908746719360e-02
8.674775625885688157e+01,2.713101363964143253e-02,8.391673211968021633e+02,8.649088442325592041e-02,7.205883590985452429e+03,1.596826160977489559e-03,3.922013858547597920e+04,8.397248573601245880e-03,4.974271012006861170e+00,1.220143356802222279e+01,2.235162512918907662e+00,6.298085989623219305e+00,-1.101342849731445312e+02,1.035293807983398438e+02,4.285476684570312500e+01,8.439238548278808594e+00,1.219172286987304688e+01,7.833436489105224609e+00,4.822756290435791016e+00,-4.325551688671112061e-01,7.351080417633056641e+00,6.702281951904296875e+00,7.480885028839111328e+00,4.894828796386718750e+00,7.214497089385986328e+00
1.728521656504869952e+02,4.825467109197999899e-02,9.464915970072715936e+02,2.619177848100662231e-02,5.439347917926307855e+04,7.082085617718831064e-03,1.318632834790311754e+05,1.859890413470566273e-03,1.348051948051948123e+01,1.679539063845852098e+01,3.012619694972625162e+00,1.536422274443228453e+01,-8.313934326171875000e+01,1.078914718627929688e+02,1.950370979309082031e+01,1.050122928619384766e+01,1.286438274383544922e+01,6.768096923828125000e+00,1.324921250343322754e+00,1.181440114974975586e+00,5.357902050018310547e+00,4.150207996368408203e+00,1.253355622291564941e+00,3.069315433502197266e+00,2.003319263458251953e+00
1.676641064217277801e+02,4.652306936652207681e-02,8.328670409962659278e+02,5.339896306395530701e-02,1.941986410184343549e+04,3.048588360335137241e-03,1.138803110048252856e+05,1.739594037644565105e-03,5.404641475751264856e+00,6.929905043675395504e+00,3.183464510487227006e+00,5.415453348378961529e+00,-7.912181091308593750e+01,1.182016067504882812e+02,2.831073570251464844e+01,7.763294219970703125e+00,1.314017772674560547e+01,8.930425643920898438e+00,1.862048745155334473e+00,3.674857378005981445e+00,5.554050922393798828e+00,3.918582439422607422e+00,2.010096788406372070e+00,3.682549476623535156e+00,5.936975479125976562e+00
1.324055239487652500e+02,3.291400934886655472e-02,1.294919975361696061e+03,4.224949330091476440e-02,2.412575559208945197e+04,2.340983995957867433e-03,3.042940459309213329e+05,1.792765688151121140e-03,2.118336483931946645e+01,1.793612638007839877e+01,2.916525347553407865e+00,9.412216735668394563e+00,-5.827632141113281250e+01,8.425081634521484375e+01,2.718708229064941406e+01,3.053397941589355469e+01,5.690468311309814453e+00,1.267590999603271484e+01,5.067558288574218750e-01,7.648336887359619141e+00,4.065011978149414062e+00,2.888816833496093750e+00,4.706958770751953125e+00,5.254575729370117188e+00,6.662779331207275391e+00
1.778528230606835336e+02,5.507195456496110503e-02,8.462332514506221059e+02,2.360219508409500122e-02,6.858527229295128200e+04,1.065995062125559868e-02,2.509940203649034956e+05,2.512299455702304840e-03,1.116052853528253941e+01,1.401999365549275645e+01,4.217683616308091743e+00,2.269501454148624475e+01,-1.059417037963867188e+02,9.456594848632812500e+01,2.240699195861816406e+01,1.508950424194335938e+01,1.191463756561279297e+01,5.683011054992675781e+00,1.929254651069641113e+00,4.028756141662597656e+00,6.666287422180175781e+00,5.054212570190429688e+00,5.640467643737792969e+00,8.034617424011230469e+00,7.618721961975097656e+00
8.036315639269407711e+02,3.008144439829262273e-01,1.217207402374037883e+03,6.085279211401939392e-02,3.688808594462656765e+05,9.839644226132281124e-02,1.297805963884810626e+05,2.084390260279178619e-03,2.040395252004225668e+00,7.021285147835381935e+00,1.578788107906166971e+00,5.066606542362565690e+00,-3.281265640258789062e+01,1.019684600830078125e+02,-1.557324409484863281e+00,7.876377701759338379e-01,5.523835182189941406e+00,4.528596878051757812e+00,5.276890993118286133e-01,7.505074024200439453e+00,2.338132143020629883e+00,-2.885972261428833008e+00,3.650905370712280273e+00,5.032379627227783203e+00,1.001780605316162109e+01
1.354021492404641549e+02,2.398531806472653169e-02,1.025802779087096951e+03,5.398434773087501526e-02,5.129099327257782716e+04,1.246036796412298801e-03,2.246112810069803963e+05,3.066154196858406067e-03,2.230797636632200565e+01,1.100680328094745875e+01,3.914465745803468621e+00,9.237930061961948880e+00,-9.384880065917968750e+01,9.448242187500000000e+01,3.979978942871093750e+01,1.553093814849853516e+01,4.481323719024658203e+00,1.002423954010009766e+01,7.039880752563476562e+00,9.956731796264648438e+00,3.681209564208984375e+00,3.963882446289062500e+00,4.499628067016601562e+00,7.431989192962646484e+00,7.897300243377685547e+00
1.167418530452864388e+03,6.616961670405344109e-02,1.871630668350458791e+03,7.982788234949111938e-02,1.320376771390228998e+06,2.967531228427577883e-03,2.021286452883291640e+05,2.207245677709579468e-03,4.546385129347267906e+00,4.263624865816416865e+00,1.540808173732317599e+00,5.500227032670397698e+00,1.215578675270080566e+00,8.161156463623046875e+01,-1.368544769287109375e+01,3.502423858642578125e+01,3.261585235595703125e+00,1.398968029022216797e+01,6.578920364379882812e+00,4.339555263519287109e+00,1.309930324554443359e+00,5.376075744628906250e+00,7.243141651153564453e+00,5.935329437255859375e+00,3.229396343231201172e+00
1.598325370243972202e+03,8.725609484473020871e-02,1.936424745783970593e+03,1.202056705951690674e-01,1.267320307071396150e+06,1.351160715456136210e-02,1.889862851972137869e+05,6.824816111475229263e-03,3.779640868422699196e+00,9.688090900666374239e+00,1.743069569499404281e+00,5.594944058820364496e+00,3.261011123657226562e+00,7.874536132812500000e+01,-2.507262229919433594e+01,2.104032135009765625e+01,-1.387544274330139160e+00,2.089146232604980469e+01,3.911311149597167969e+00,1.576740837097167969e+01,2.458980321884155273e+00,1.199141025543212891e+01,3.653163671493530273e+00,7.251498222351074219e+00,2.351285457611083984e+00
6.270567740913770649e+01,1.138613049650030393e-02,7.347183700754234223e+02,3.421339392662048340e-02,1.546313856034624678e+03,1.068472210230252692e-04,7.739688996327678615e+04,1.286388258449733257e-03,4.817024661893396065e+00,9.994529333843514607e+00,3.636443612389282265e+00,1.232819371939815944e+01,-1.210205993652343750e+02,9.746166229248046875e+01,5.258659362792968750e+01,2.437288284301757812e+01,8.738129615783691406e+00,3.812157392501831055e+00,7.672336578369140625e+00,1.314058017730712891e+01,1.426271438598632812e+01,1.234364700317382812e+01,8.134714126586914062e+00,4.036396503448486328e+00,5.431504845619201660e-01
5.734368095448520535e+02,2.634056642047401531e-01,1.284270392576922404e+03,3.043421544134616852e-02,6.819109041253571631e+05,2.823985326087878334e-01,3.185530019821860478e+05,2.175933681428432465e-03,1.015864759427828190e+01,1.035218922951716536e+01,2.660190614142891707e+00,1.651104148325091003e+01,-7.284360504150390625e+01,8.427754974365234375e+01,2.798382043838500977e+00,5.195056438446044922e+00,-3.406996965408325195e+00,1.371024322509765625e+01,1.404559230804443359e+01,1.715532112121582031e+01,1.742861557006835938e+01,1.615433311462402344e+01,1.141413688659667969e+01,7.380673885345458984e+00,4.318046092987060547e+00
2.943607570797444623e+03,4.135656148984610120e-02,2.787208658301875403e+03,8.944830298423767090e-02,4.506277240326818079e+06,2.266525525469654037e-03,3.433091964039930608e+05,6.190888117998838425e-03,2.961141438361988509e+00,7.851388439560253119e+00,1.541684015393705032e+00,6.596256330823049296e+00,5.627329349517822266e+00,4.120720291137695312e+01,-1.540855503082275391e+01,4.237062835693359375e+01,-8.405755043029785156e+00,1.802440071105957031e+01,-2.635776281356811523e+00,2.069066238403320312e+01,6.595236301422119141e+00,1.062226200103759766e+01,2.686448574066162109e+00,1.113668346405029297e+01,5.891950607299804688e+00
